USD,AUD,CNY,INR,AFN
1.1035
,1.624518
,,7.821832
,,,78.404086
,,,,86.349304